id,data_size,workload,invocations,func_type_id,associated_iot_id
0,0.4,1500,2,2,24
1,0.4,1500,10,7,15
2,0.2,20,10,2,20
3,0.4,1500,2,5,5
4,0.2,3000,2,11,2
5,0.6,3000,2,2,14
6,0.6,20,5,8,0
7,0.6,20,2,0,0
8,1.0,1500,15,1,17
9,0.6,3000,5,13,28
10,1.0,3000,2,0,0
11,0.8,20,2,1,28
12,1.0,200,15,8,22
13,0.2,3000,15,14,26
14,1.0,200,2,8,12
15,0.2,200,5,1,8
16,0.6,1500,5,12,25
17,1.0,1500,2,9,16
18,0.8,20,10,3,13
19,0.2,3000,15,2,0
20,0.8,200,5,3,24
21,1.0,1500,15,5,13
22,0.6,20,15,5,14
23,1.0,1500,10,2,26
24,0.2,3000,15,11,19
25,0.2,1500,10,3,23
26,0.6,200,15,0,19
27,0.2,200,15,4,7
28,1.0,200,10,2,8
29,0.2,20,2,6,15
30,1.0,200,5,11,17
31,0.4,3000,10,9,10
32,0.4,3000,10,10,29
33,1.0,3000,10,8,1
34,0.6,1500,2,0,24
35,0.2,1500,2,12,12
36,1.0,3000,10,10,5
37,0.2,200,10,7,23
38,0.8,20,10,8,2
39,0.2,1500,15,10,22
40,0.6,20,5,1,20
41,0.8,1500,5,4,0
42,0.2,200,10,6,27
43,0.8,1500,15,8,2
44,0.6,20,15,14,24
45,0.4,20,15,6,14
46,1.0,200,5,5,22
47,0.6,3000,2,2,10
48,1.0,3000,10,8,12
49,0.2,200,15,4,0
50,1.0,3000,2,5,28
51,0.4,3000,2,10,29
52,0.6,20,2,2,19
53,0.2,20,2,0,5
54,0.4,200,10,10,0
55,0.8,1500,2,11,29
56,0.4,20,5,6,28
57,0.2,20,5,1,14
58,0.6,3000,5,5,11
59,0.4,20,15,0,1
60,0.8,200,10,11,11
61,0.8,1500,15,11,26
62,1.0,1500,2,12,14
63,0.4,1500,5,5,4
64,0.6,1500,2,3,3
65,1.0,20,15,4,18
66,0.8,3000,2,6,4
67,0.2,3000,5,14,25
68,0.2,20,5,3,11
69,0.2,20,10,0,20
70,0.8,20,10,13,20
71,0.6,200,5,2,9
72,0.8,20,5,1,23
73,0.6,1500,2,12,7
74,0.4,20,15,13,1
75,0.8,20,10,13,7
76,1.0,20,5,0,9
77,0.8,1500,5,3,24
78,0.4,1500,2,11,8
79,0.4,3000,5,11,15
80,0.2,1500,5,1,26
81,0.4,20,2,14,9
82,1.0,1500,2,6,23
83,0.8,3000,15,6,17
84,1.0,3000,10,10,29
85,1.0,3000,2,6,1
86,0.8,3000,15,11,28
87,0.8,3000,15,6,7
88,0.8,200,15,14,3
89,0.4,200,5,2,16
90,1.0,3000,2,7,1
91,1.0,1500,15,12,12
92,0.2,1500,5,1,20
93,0.2,200,10,13,12
94,0.4,1500,5,7,11
95,0.2,20,2,2,25
96,0.6,3000,15,14,26
97,0.6,200,5,1,11
98,0.6,3000,15,14,11
99,0.2,3000,15,13,19
100,0.4,3000,5,11,25
101,0.4,1500,2,7,0
102,0.4,3000,10,0,14
103,1.0,200,10,7,19
104,0.6,200,5,6,10
105,0.4,200,15,6,1
106,0.6,1500,5,6,28
107,0.8,20,2,7,20
108,0.2,1500,10,10,16
109,1.0,20,5,3,28
110,0.6,200,5,1,24
111,1.0,1500,5,8,13
112,0.4,1500,2,11,20
113,1.0,20,2,3,15
114,1.0,200,15,8,11
115,0.4,1500,5,0,20
116,0.6,20,10,2,28
117,0.6,20,10,13,0
118,0.2,3000,10,0,17
119,0.6,200,15,9,0
120,0.8,3000,5,5,10
121,0.4,3000,2,8,7
122,1.0,1500,10,7,5
123,0.8,3000,10,2,7
124,0.6,20,15,0,14
125,1.0,3000,2,9,28
126,0.6,1500,5,9,21
127,1.0,3000,10,12,5
128,0.6,3000,2,5,20
129,0.2,20,5,11,25
130,0.4,1500,2,11,18
131,1.0,3000,5,0,6
132,0.8,20,2,8,27
133,1.0,3000,10,10,2
134,0.2,200,10,9,1
135,1.0,20,5,7,2
136,0.4,200,5,2,18
137,0.6,3000,5,9,11
138,0.8,1500,2,1,29
139,1.0,1500,15,14,10
140,1.0,20,10,8,27
141,0.4,1500,2,12,20
142,0.2,200,15,8,14
143,0.8,1500,2,4,2
144,0.2,3000,5,6,29
145,0.2,20,10,3,10
146,0.2,1500,15,10,27
147,1.0,20,2,14,8
148,0.4,20,10,14,1
149,0.6,20,10,4,10
150,0.4,3000,5,10,3
151,0.2,20,10,7,23
152,0.2,1500,15,0,21
153,1.0,3000,15,2,28
154,0.2,1500,5,0,10
155,1.0,3000,10,7,1
156,1.0,3000,2,1,3
157,0.8,3000,5,5,6
158,0.2,200,10,10,16
159,0.4,20,15,13,15
160,0.4,200,15,12,2
161,0.6,1500,2,12,0
162,0.6,1500,5,0,0
163,0.8,3000,10,11,11
164,0.8,200,10,14,5
165,1.0,3000,2,1,19
166,0.2,200,15,14,4
167,1.0,200,2,2,15
168,1.0,1500,10,1,9
169,0.6,1500,5,0,22
170,1.0,1500,2,0,28
171,0.2,20,2,9,6
172,0.4,200,5,2,14
173,1.0,200,10,3,26
174,0.6,1500,2,3,18
175,0.2,20,15,4,27
176,0.2,1500,10,0,17
177,0.8,200,10,5,9
178,0.6,200,5,6,11
179,0.6,3000,10,0,23
180,1.0,3000,2,7,10
181,1.0,200,10,5,22
182,1.0,3000,10,6,16
183,1.0,1500,5,3,27
184,0.2,3000,15,10,16
185,0.2,200,5,12,3
186,0.8,1500,15,11,27
187,0.6,20,2,8,8
188,0.2,200,2,4,25
189,0.6,3000,15,6,27
190,0.2,200,10,9,27
191,0.6,1500,5,10,2
192,0.6,3000,15,2,7
193,0.4,200,2,5,19
194,1.0,1500,5,6,18
195,0.2,200,2,5,0
196,0.2,200,15,4,11
197,0.6,3000,2,5,27
198,0.8,1500,10,3,28
199,0.8,20,15,13,20
200,0.6,20,5,13,29
201,0.6,1500,2,0,8
202,0.6,1500,5,1,1
203,0.8,20,10,6,4
204,0.4,20,10,8,10
205,0.2,3000,10,6,23
206,0.4,1500,15,11,15
207,0.4,200,5,7,24
208,0.4,3000,5,10,13
209,1.0,200,5,10,8
210,0.4,3000,15,9,10
211,0.8,200,2,4,10
212,1.0,3000,5,8,10
213,0.2,1500,2,2,21
214,0.2,1500,5,8,23
215,0.6,200,15,4,27
216,0.8,1500,2,11,3
217,0.4,20,15,12,27
218,0.8,1500,10,9,12
219,0.6,1500,15,4,25
220,0.2,1500,2,14,11
221,0.2,1500,10,3,17
222,1.0,20,15,11,4
223,0.6,20,10,9,11
224,0.2,3000,2,6,29
225,0.8,3000,10,10,15
226,0.2,200,10,13,9
227,0.6,3000,5,8,8
228,0.6,200,2,6,22
229,0.4,200,10,5,29
230,0.4,3000,10,14,6
231,0.8,1500,5,2,5
232,0.2,3000,15,7,22
233,0.6,3000,2,0,18
234,0.4,200,10,12,15
235,0.4,20,5,1,28
236,0.4,20,15,5,23
237,0.4,20,15,7,21
238,0.2,1500,5,1,0
239,0.4,200,2,3,16
240,0.6,3000,2,13,18
241,0.8,3000,5,12,28
242,0.4,20,15,13,10
243,0.2,20,15,6,25
244,1.0,200,10,6,16
245,0.2,3000,5,2,22
246,0.8,3000,10,6,27
247,0.4,200,2,9,13
248,0.8,200,10,11,15
249,0.6,20,10,6,0
250,0.6,20,5,10,19
251,0.6,200,15,11,24
252,1.0,1500,5,1,1
253,0.8,1500,15,12,15
254,0.6,20,2,1,15
255,0.2,20,2,12,18
256,0.2,3000,2,3,21
257,0.4,200,5,8,6
258,0.8,1500,15,9,27
259,0.2,1500,10,12,23
260,0.6,1500,5,11,6
261,0.4,3000,2,9,29
262,0.8,20,10,0,17
263,1.0,3000,5,3,1
264,0.6,1500,10,8,14
265,1.0,1500,10,13,0
266,1.0,20,10,11,1
267,0.4,3000,15,0,24
268,0.6,3000,15,4,2
269,0.4,3000,2,9,26
270,0.2,200,15,11,0
271,0.4,20,10,6,13
272,0.2,1500,5,11,28
273,0.8,200,15,10,14
274,0.4,1500,15,2,20
275,0.8,200,5,10,28
276,0.4,20,2,9,10
277,0.8,20,10,11,25
278,0.8,3000,5,1,3
279,0.8,200,2,7,2
280,0.6,20,10,12,8
281,0.4,1500,15,10,3
282,0.2,3000,15,7,21
283,0.2,200,2,3,27
284,1.0,200,5,3,26
285,0.2,200,5,2,15
286,0.2,1500,15,11,27
287,0.8,20,2,9,21
288,1.0,20,5,3,3
289,0.6,20,5,4,18
290,0.2,200,2,7,8
291,0.8,200,2,14,16
292,0.8,200,5,14,14
293,0.6,20,2,14,28
294,1.0,200,10,6,19
295,0.4,3000,5,3,26
296,0.4,20,2,8,4
297,0.6,20,2,13,25
298,0.6,3000,5,12,10
299,1.0,3000,10,13,5
